SET session_replication_role = replica;

--
-- PostgreSQL database dump
--

-- \restrict xGzptMeeSbxviRu1EDbx6ESwwBgcGpyzjJ9RCte21ewgP4B2nVtgdwFKCydaRDb

-- Dumped from database version 17.6
-- Dumped by pg_dump version 17.6

SET statement_timeout = 0;
SET lock_timeout = 0;
SET idle_in_transaction_session_timeout = 0;
SET transaction_timeout = 0;
SET client_encoding = 'UTF8';
SET standard_conforming_strings = on;
SELECT pg_catalog.set_config('search_path', '', false);
SET check_function_bodies = false;
SET xmloption = content;
SET client_min_messages = warning;
SET row_security = off;

--
-- Data for Name: admin_actions; Type: TABLE DATA; Schema: public; Owner: postgres
--



--
-- Data for Name: climbs; Type: TABLE DATA; Schema: public; Owner: postgres
--

INSERT INTO "public"."climbs" ("id", "name", "grade", "status", "route_type", "description", "user_id", "created_at", "updated_at", "deleted_at", "verification_count", "is_verified") VALUES
	('cfb19700-cb6b-44aa-9864-87200f1eb0cc', 'Route 1', '6A', 'approved', 'sport', NULL, '25dfbf3e-00bd-4a46-9fb1-e9e0aa4e3044', '2026-01-12 09:14:02.432231+00', '2026-01-12 09:14:02.432231+00', NULL, 0, false),
	('aa16a01f-1530-48ef-a43b-8f4d66b14ed9', 'Route 2', '6A', 'approved', 'sport', NULL, '25dfbf3e-00bd-4a46-9fb1-e9e0aa4e3044', '2026-01-12 09:14:02.432231+00', '2026-01-12 09:14:02.432231+00', NULL, 0, false),
	('115ee573-d6c8-49bc-aabe-f369343e36a5', 'Route 3', '6A', 'approved', 'sport', NULL, '25dfbf3e-00bd-4a46-9fb1-e9e0aa4e3044', '2026-01-12 09:14:02.432231+00', '2026-01-12 09:14:02.432231+00', NULL, 0, false),
	('e9280bfb-6f52-46c3-b7af-aa7b45f86074', 'test1', '5A', 'pending', 'sport', NULL, 'b0ca099f-30e4-4239-906f-0ea8d9e176d9', '2026-01-12 10:14:22.757994+00', '2026-01-12 10:14:22.757994+00', NULL, 0, false),
	('a47b8b63-2e5e-4fe3-8666-e887788a1902', 'Route 1', '6A', 'approved', 'sport', NULL, '25dfbf3e-00bd-4a46-9fb1-e9e0aa4e3044', '2026-01-12 17:25:48.568585+00', '2026-01-12 17:25:48.568585+00', NULL, 0, false),
	('d59f4c55-6c87-4bb6-a138-ba13a443dc46', 'Route 2', '6A', 'approved', 'sport', NULL, '25dfbf3e-00bd-4a46-9fb1-e9e0aa4e3044', '2026-01-12 17:25:48.568585+00', '2026-01-12 17:25:48.568585+00', NULL, 0, false),
	('29096362-3273-4c7e-a94c-256fbd6d3131', 'Route 3', '6A', 'approved', 'sport', NULL, '25dfbf3e-00bd-4a46-9fb1-e9e0aa4e3044', '2026-01-12 17:25:48.568585+00', '2026-01-12 17:25:48.568585+00', NULL, 0, false),
	('b53bc331-1090-44c6-b1a1-e500508822b9', 'Grayling', '7A', 'approved', 'sport', NULL, 'b0ca099f-30e4-4239-906f-0ea8d9e176d9', '2026-01-12 17:57:39.98455+00', '2026-01-12 17:57:39.98455+00', NULL, 0, false),
	('a1096566-b952-4510-ae3e-8c783105b3c4', 'hornby''s nose', '5A', 'approved', 'sport', NULL, 'b0ca099f-30e4-4239-906f-0ea8d9e176d9', '2026-01-13 18:24:32.265594+00', '2026-01-13 18:24:32.265594+00', NULL, 0, false),
	('48ba62ba-5b41-47e5-bba0-d53ca06a0810', 'mario hanging', '5B', 'approved', 'sport', NULL, 'b0ca099f-30e4-4239-906f-0ea8d9e176d9', '2026-01-13 18:24:32.265594+00', '2026-01-13 18:24:32.265594+00', NULL, 0, false),
	('42fb31ea-f287-4826-80c5-54b974ca3834', 'jyt', '6A', 'approved', 'sport', NULL, 'b0ca099f-30e4-4239-906f-0ea8d9e176d9', '2026-01-13 18:27:08.872858+00', '2026-01-13 18:27:08.872858+00', NULL, 0, false),
	('0e10b288-532a-417b-be7a-0224b0c961ac', 'Route 1', '6A', 'approved', 'sport', NULL, '25dfbf3e-00bd-4a46-9fb1-e9e0aa4e3044', '2026-01-13 18:35:12.745459+00', '2026-01-13 18:35:12.745459+00', NULL, 0, false),
	('193ca218-19eb-4401-a497-01b675e900d5', 'Route 2', '6A', 'approved', 'sport', NULL, '25dfbf3e-00bd-4a46-9fb1-e9e0aa4e3044', '2026-01-13 18:35:12.745459+00', '2026-01-13 18:35:12.745459+00', NULL, 0, false),
	('d455e03b-98af-447d-9db1-005f87c0321b', 'Route 3', '6A', 'approved', 'sport', NULL, '25dfbf3e-00bd-4a46-9fb1-e9e0aa4e3044', '2026-01-13 18:35:12.745459+00', '2026-01-13 18:35:12.745459+00', NULL, 0, false),
	('f42c0a91-66dc-40d9-992e-08c0c6d21528', 'Route 1', '6A', 'approved', 'sport', NULL, '25dfbf3e-00bd-4a46-9fb1-e9e0aa4e3044', '2026-01-13 18:36:50.086163+00', '2026-01-13 18:36:50.086163+00', NULL, 0, false),
	('80a5b250-a11e-4557-b1c7-76799712e220', 'Route 2', '6A', 'approved', 'sport', NULL, '25dfbf3e-00bd-4a46-9fb1-e9e0aa4e3044', '2026-01-13 18:36:50.086163+00', '2026-01-13 18:36:50.086163+00', NULL, 0, false),
	('cc8a57a9-4732-4ae4-8991-4d8ad659b0a0', 'crusty crab', '5A', 'approved', 'sport', NULL, 'b0ca099f-30e4-4239-906f-0ea8d9e176d9', '2026-01-13 21:30:06.793249+00', '2026-01-13 21:30:06.793249+00', NULL, 0, false) ON CONFLICT DO NOTHING;


--
-- Data for Name: climb_corrections; Type: TABLE DATA; Schema: public; Owner: postgres
--



--
-- Data for Name: climb_verifications; Type: TABLE DATA; Schema: public; Owner: postgres
--



--
-- Data for Name: correction_votes; Type: TABLE DATA; Schema: public; Owner: postgres
--



--
-- Data for Name: crag_reports; Type: TABLE DATA; Schema: public; Owner: postgres
--



--
-- Data for Name: regions; Type: TABLE DATA; Schema: public; Owner: postgres
--

INSERT INTO "public"."regions" ("id", "name", "country_code", "center_lat", "center_lon", "created_at", "updated_at", "description") VALUES
	('4d677056-a613-420c-9876-48490bc5e55e', 'Guernsey', 'GG', 49.45560000, -2.57660000, '2026-01-10 14:01:44.890224+00', '2026-01-10 14:01:44.890224+00', NULL),
	('86f9be1d-da86-4694-b00e-3a45e088e4e8', 'Jersey', 'JE', 49.19170000, -2.11060000, '2026-01-10 14:01:44.890224+00', '2026-01-10 14:01:44.890224+00', NULL),
	('0a5d00ae-a75d-4bb0-aa44-c4698d90b123', 'Cornwall', 'GB', 50.26600000, -5.05270000, '2026-01-10 14:01:44.890224+00', '2026-01-10 14:01:44.890224+00', NULL),
	('75026f56-b9bd-4773-85ff-0024f412fb23', 'Devon', 'GB', 50.71560000, -3.53190000, '2026-01-10 14:01:44.890224+00', '2026-01-10 14:01:44.890224+00', NULL),
	('84b60af0-a853-4b4c-ae54-0bad15157e94', 'Scotland', 'GB', 56.49070000, -4.20260000, '2026-01-10 14:01:44.890224+00', '2026-01-10 14:01:44.890224+00', NULL),
	('25bb889f-a5de-4ca7-8a15-c79166f56027', 'Verdon', 'FR', 43.81050000, 5.94220000, '2026-01-10 14:01:44.890224+00', '2026-01-10 14:01:44.890224+00', NULL),
	('67c247a8-b723-4009-9ed1-921ad67a1f2b', 'Catalonia', 'ES', 41.38740000, 2.16860000, '2026-01-10 14:01:44.890224+00', '2026-01-10 14:01:44.890224+00', NULL),
	('26a61ef6-2491-48a6-aed9-e6674b799463', 'Dolomites', 'IT', 46.55530000, 11.86350000, '2026-01-10 14:01:44.890224+00', '2026-01-10 14:01:44.890224+00', NULL),
	('0323d6bf-35d9-481b-af3d-95e3af7665f7', 'Joshua Tree', 'US', 34.13450000, -115.90000000, '2026-01-10 14:01:44.890224+00', '2026-01-10 14:01:44.890224+00', NULL),
	('4d522d22-ca9c-45a3-acc3-2274099b643d', 'Red River Gorge', 'US', 37.82340000, -83.62740000, '2026-01-10 14:01:44.890224+00', '2026-01-10 14:01:44.890224+00', NULL),
	('0fe57116-5bc5-438c-8b6c-238364aeb37f', 'Yosemite', 'US', 37.86510000, -119.53830000, '2026-01-10 14:01:44.890224+00', '2026-01-10 14:01:44.890224+00', NULL),
	('572b8e3b-3421-4928-be29-3eb4a4f9b8e6', 'Grampians', 'AU', -37.13840000, 142.34680000, '2026-01-10 14:01:44.890224+00', '2026-01-10 14:01:44.890224+00', NULL),
	('298258e2-ea6b-4a36-be61-9b1ff8052f14', 'Blue Mountains', 'AU', -33.71510000, 150.31190000, '2026-01-10 14:01:44.890224+00', '2026-01-10 14:01:44.890224+00', NULL),
	('3870d90b-36c3-42ca-93f0-a74004ea6603', 'Alderney', 'GG', 49.71720000, -2.21470000, '2026-01-10 17:53:22.429401+00', '2026-01-10 17:53:22.429401+00', NULL),
	('b5af51c1-5e8a-4e24-8d6f-fa8452639b19', 'Sark', 'GG', 49.43330000, -2.36670000, '2026-01-10 17:53:22.429401+00', '2026-01-10 17:53:22.429401+00', NULL),
	('05875985-7717-4c16-b153-d19eb50a3d17', 'Herm', 'GG', 49.46670000, -2.45000000, '2026-01-10 17:53:22.429401+00', '2026-01-10 17:53:22.429401+00', NULL),
	('8cc9db2a-ccb0-430a-957c-9e1e69f7287f', 'Peak District', 'GB', 53.22860000, -1.55720000, '2026-01-10 17:53:22.429401+00', '2026-01-10 17:53:22.429401+00', NULL),
	('8efdf120-4a37-4634-b101-902808fa9ad1', 'Lake District', 'GB', 54.46090000, -3.08860000, '2026-01-10 17:53:22.429401+00', '2026-01-10 17:53:22.429401+00', NULL),
	('372795cf-e7dc-41c0-9183-94483b8353a6', 'Yorkshire', 'GB', 53.99150000, -1.54100000, '2026-01-10 17:53:22.429401+00', '2026-01-10 17:53:22.429401+00', NULL),
	('3807f4ab-3527-4005-8993-70a6117e2a17', 'Wales', 'GB', 52.13070000, -3.78370000, '2026-01-10 17:53:22.429401+00', '2026-01-10 17:53:22.429401+00', NULL),
	('62f71577-0fd6-4726-af9d-7e2b37d96874', 'Fontainebleau', 'FR', 48.40490000, 2.69200000, '2026-01-10 17:53:22.429401+00', '2026-01-10 17:53:22.429401+00', NULL),
	('6ba988b3-ca79-46a1-b156-020b464a6ac0', 'Céüse', 'FR', 44.49440000, 5.97280000, '2026-01-10 17:53:22.429401+00', '2026-01-10 17:53:22.429401+00', NULL),
	('6f24dbf1-6e11-410a-a2ac-1cc23e3a3d50', 'Buoux', 'FR', 43.82220000, 5.39140000, '2026-01-10 17:53:22.429401+00', '2026-01-10 17:53:22.429401+00', NULL),
	('a6f7f5e1-a01b-4a64-a6bc-87e00811d15a', 'Andalusia', 'ES', 37.39250000, -5.99420000, '2026-01-10 17:53:22.429401+00', '2026-01-10 17:53:22.429401+00', NULL),
	('041bc3c3-8347-4003-9a1b-08afc4f0e5c2', 'Mallorca', 'ES', 39.69530000, 3.01760000, '2026-01-10 17:53:22.429401+00', '2026-01-10 17:53:22.429401+00', NULL),
	('5651a16a-3848-4758-95f3-d1802e279f2f', 'Sardinia', 'IT', 40.12090000, 9.01010000, '2026-01-10 17:53:22.429401+00', '2026-01-10 17:53:22.429401+00', NULL),
	('904630ff-c42e-40a0-8ae9-e82e977b4554', 'Boulder', 'US', 40.01500000, -105.27050000, '2026-01-10 17:53:22.429401+00', '2026-01-10 17:53:22.429401+00', NULL),
	('3323d0d3-9820-4a06-8253-57286802c00b', 'Guernsey', 'GG', 49.45560000, -2.57660000, '2026-01-11 18:29:16.137812+00', '2026-01-11 18:29:16.137812+00', NULL),
	('86079ebd-6f08-434d-a52b-3e5c9ea36ee5', 'Alderney', 'GG', 49.71720000, -2.21470000, '2026-01-11 18:29:16.137812+00', '2026-01-11 18:29:16.137812+00', NULL),
	('6e4dc5d9-25a0-4cae-9f38-6b35aa08bd41', 'Sark', 'GG', 49.43330000, -2.36670000, '2026-01-11 18:29:16.137812+00', '2026-01-11 18:29:16.137812+00', NULL),
	('3928ec6a-a0a2-4afb-b074-0c486654bf32', 'Herm', 'GG', 49.46670000, -2.45000000, '2026-01-11 18:29:16.137812+00', '2026-01-11 18:29:16.137812+00', NULL),
	('44e10030-fd64-468d-9554-5323df155d7a', 'Jersey', 'JE', 49.19170000, -2.11060000, '2026-01-11 18:29:16.137812+00', '2026-01-11 18:29:16.137812+00', NULL),
	('7be39a51-8b28-4c83-9cab-58b92b6350d2', 'Cornwall', 'GB', 50.26600000, -5.05270000, '2026-01-11 18:29:16.137812+00', '2026-01-11 18:29:16.137812+00', NULL),
	('cd013684-9d76-4e8e-a8f9-5efa5634e41d', 'Devon', 'GB', 50.71560000, -3.53190000, '2026-01-11 18:29:16.137812+00', '2026-01-11 18:29:16.137812+00', NULL),
	('0d04b13b-9d4d-4a83-95fa-3831c8b369f4', 'Peak District', 'GB', 53.22860000, -1.55720000, '2026-01-11 18:29:16.137812+00', '2026-01-11 18:29:16.137812+00', NULL),
	('7d30086f-9597-41a3-b22d-47e618462572', 'Lake District', 'GB', 54.46090000, -3.08860000, '2026-01-11 18:29:16.137812+00', '2026-01-11 18:29:16.137812+00', NULL),
	('e4749539-2103-4dba-a3ee-8396bc177639', 'Yorkshire', 'GB', 53.99150000, -1.54100000, '2026-01-11 18:29:16.137812+00', '2026-01-11 18:29:16.137812+00', NULL),
	('2eed118b-29df-49d2-8f8d-a16dff8d75ee', 'Scotland', 'GB', 56.49070000, -4.20260000, '2026-01-11 18:29:16.137812+00', '2026-01-11 18:29:16.137812+00', NULL),
	('2b228ca3-f784-4313-901d-06a041faa7f2', 'Wales', 'GB', 52.13070000, -3.78370000, '2026-01-11 18:29:16.137812+00', '2026-01-11 18:29:16.137812+00', NULL),
	('85bafdae-060e-4edd-922c-0287f2f12e07', 'Fontainebleau', 'FR', 48.40490000, 2.69200000, '2026-01-11 18:29:16.137812+00', '2026-01-11 18:29:16.137812+00', NULL),
	('4a7e3a7d-72dd-43f1-ad90-8f5345b7b046', 'Verdon', 'FR', 43.81050000, 5.94220000, '2026-01-11 18:29:16.137812+00', '2026-01-11 18:29:16.137812+00', NULL),
	('c1edb5e0-6e4e-4529-97c1-35e7016fdc61', 'Céüse', 'FR', 44.49440000, 5.97280000, '2026-01-11 18:29:16.137812+00', '2026-01-11 18:29:16.137812+00', NULL),
	('ff28316b-212f-4b52-b305-46a57ca83540', 'Buoux', 'FR', 43.82220000, 5.39140000, '2026-01-11 18:29:16.137812+00', '2026-01-11 18:29:16.137812+00', NULL),
	('741f606e-433c-4182-b37a-ec62fa88e690', 'Catalonia', 'ES', 41.38740000, 2.16860000, '2026-01-11 18:29:16.137812+00', '2026-01-11 18:29:16.137812+00', NULL),
	('f23388ae-d51a-44e2-8050-5d732359f0bb', 'Andalusia', 'ES', 37.39250000, -5.99420000, '2026-01-11 18:29:16.137812+00', '2026-01-11 18:29:16.137812+00', NULL),
	('0eca02de-a567-450f-960a-ef3d6450c70a', 'Mallorca', 'ES', 39.69530000, 3.01760000, '2026-01-11 18:29:16.137812+00', '2026-01-11 18:29:16.137812+00', NULL),
	('b319fb92-e8a0-4c7f-93d3-753e9d5e7c19', 'Dolomites', 'IT', 46.55530000, 11.86350000, '2026-01-11 18:29:16.137812+00', '2026-01-11 18:29:16.137812+00', NULL),
	('e9ee5912-9532-4dbf-83ad-6e419cf0b86d', 'Sardinia', 'IT', 40.12090000, 9.01010000, '2026-01-11 18:29:16.137812+00', '2026-01-11 18:29:16.137812+00', NULL),
	('46b2bf40-966a-4411-91c2-0c958737c3c3', 'Joshua Tree', 'US', 34.13450000, -115.90000000, '2026-01-11 18:29:16.137812+00', '2026-01-11 18:29:16.137812+00', NULL),
	('82266e9d-4fa6-4ec2-8b3c-4c92841f33de', 'Red River Gorge', 'US', 37.82340000, -83.62740000, '2026-01-11 18:29:16.137812+00', '2026-01-11 18:29:16.137812+00', NULL),
	('ab616f15-4517-47e6-b8c4-3880d1f5123f', 'Yosemite', 'US', 37.86510000, -119.53830000, '2026-01-11 18:29:16.137812+00', '2026-01-11 18:29:16.137812+00', NULL),
	('304e5a6c-3c15-48d4-bc38-51db38091a6f', 'Boulder', 'US', 40.01500000, -105.27050000, '2026-01-11 18:29:16.137812+00', '2026-01-11 18:29:16.137812+00', NULL),
	('83e4f800-963c-4067-8a74-ac0a39c4f140', 'Grampians', 'AU', -37.13840000, 142.34680000, '2026-01-11 18:29:16.137812+00', '2026-01-11 18:29:16.137812+00', NULL),
	('1bd65fe7-5bec-4c18-865d-1adb2f3a6146', 'Blue Mountains', 'AU', -33.71510000, 150.31190000, '2026-01-11 18:29:16.137812+00', '2026-01-11 18:29:16.137812+00', NULL),
	('fb8b3b77-b12b-405a-8a06-30590c516a0b', 'Guernseu', 'GU', NULL, NULL, '2026-01-12 18:00:24.548166+00', '2026-01-12 18:00:24.548166+00', NULL),
	('d00d1601-1f48-4fd8-9441-9ad3b60be4b1', 'Fontainebleau', 'FR', 48.41650000, 2.70200000, '2026-01-12 19:43:43.338347+00', '2026-01-12 19:43:43.338347+00', 'World-famous sandstone bouldering forest near Paris.'),
	('8ef71105-64ee-417c-98cf-0a790d84d73c', 'Grasse', 'FR', 43.71020000, 6.93400000, '2026-01-12 19:43:43.338347+00', '2026-01-12 19:43:43.338347+00', 'Sandstone bouldering near Nice.'),
	('c22b8193-088d-48be-8b8f-0568e32a71ad', 'Verdon', 'FR', 43.75680000, 5.76400000, '2026-01-12 19:43:43.338347+00', '2026-01-12 19:43:43.338347+00', 'Limestone sport climbing in the stunning Verdon Gorge.'),
	('ffe0e34c-93f4-4feb-9196-20523704ee61', 'Calanques', 'FR', 43.21670000, 5.45000000, '2026-01-12 19:43:43.338347+00', '2026-01-12 19:43:43.338347+00', 'Limestone sport climbing and bouldering near Marseille.'),
	('0b060f77-3a6f-4de4-a745-f21890e656e9', 'Albert', 'FR', 50.28650000, 2.77400000, '2026-01-12 19:43:43.338347+00', '2026-01-12 19:43:43.338347+00', 'Sandstone bouldering in northern France.'),
	('506ca344-b714-4af6-a730-4da55a92628c', 'Buoux', 'FR', 43.82330000, 5.39330000, '2026-01-12 19:43:43.338347+00', '2026-01-12 19:43:43.338347+00', 'Historic limestone sport climbing area in Provence.'),
	('3f43b7b6-db85-4b4e-a9c2-304a218596ed', 'Céüse', 'FR', 44.28330000, 5.83330000, '2026-01-12 19:43:43.338347+00', '2026-01-12 19:43:43.338347+00', 'Limestone sport climbing with classic long routes.'),
	('96f6d71d-9fef-4806-a3bb-aa54e4b66fd1', 'Chamonix', 'FR', 45.92370000, 6.86940000, '2026-01-12 19:43:43.338347+00', '2026-01-12 19:43:43.338347+00', 'Alpine climbing capital.'),
	('582fd7dc-17d6-46c9-aeb7-13b696984847', 'Annecy', 'FR', 45.89920000, 6.12930000, '2026-01-12 19:43:43.338347+00', '2026-01-12 19:43:43.338347+00', 'Limestone and granite climbing near Lake Annecy.'),
	('93ef1c65-93a0-4385-9993-875cfc5e3933', 'Magic Wood', 'CH', 46.86670000, 9.03330000, '2026-01-12 19:43:43.338347+00', '2026-01-12 19:43:43.338347+00', 'World-class sandstone bouldering in the Swiss Alps.'),
	('84a0095e-71e5-4276-8b7f-e2efb7528a7e', 'Chironico', 'CH', 46.45000000, 8.80000000, '2026-01-12 19:43:43.338347+00', '2026-01-12 19:43:43.338347+00', 'Sandstone bouldering in Ticino.'),
	('ba15cedd-3eeb-46e8-aa5c-2a0847fc5c35', 'Cresciano', 'CH', 46.31670000, 8.83330000, '2026-01-12 19:43:43.338347+00', '2026-01-12 19:43:43.338347+00', 'Sandstone bouldering in Ticino.'),
	('971e53e4-535b-4b95-be84-0de3b942eacb', 'Finale Ligure', 'IT', 44.17000000, 8.34000000, '2026-01-12 19:43:43.338347+00', '2026-01-12 19:43:43.338347+00', 'Limestone sport climbing paradise on the Italian Riviera.'),
	('7322e708-7cbf-4037-bd19-c2fb1ccd1b49', 'Arco', 'IT', 45.91670000, 10.88330000, '2026-01-12 19:43:43.338347+00', '2026-01-12 19:43:43.338347+00', 'Limestone sport climbing in the Italian Alps.'),
	('da2901eb-0149-4ed0-a89a-71f5aa2373d2', 'Sardinia', 'IT', 40.50000000, 9.00000000, '2026-01-12 19:43:43.338347+00', '2026-01-12 19:43:43.338347+00', 'Limestone sport climbing and deep water soloing on the island.'),
	('eb408c34-a6e9-48b1-a41f-869d72667829', 'Siurana', 'ES', 41.26670000, 0.96670000, '2026-01-12 19:43:43.338347+00', '2026-01-12 19:43:43.338347+00', 'Limestone sport climbing in Catalonia.'),
	('9bcc9fd3-25a4-4ee1-9270-94f5ff478100', 'Margalef', 'ES', 41.48330000, 0.75000000, '2026-01-12 19:43:43.338347+00', '2026-01-12 19:43:43.338347+00', 'Limestone sport climbing in Montserrat area.'),
	('780414a2-1b4b-4eeb-b69f-d5ae8cc94190', 'Rodellar', 'ES', 42.33330000, -0.06670000, '2026-01-12 19:43:43.338347+00', '2026-01-12 19:43:43.338347+00', 'Limestone sport climbing in the Sierra de Guara.'),
	('13a1a858-8aaa-44d4-b1fd-17bca4795a9e', 'Albarracín', 'ES', 40.40000000, -1.45000000, '2026-01-12 19:43:43.338347+00', '2026-01-12 19:43:43.338347+00', 'Sandstone sport climbing in central Spain.'),
	('83cb124f-ce37-4b66-b9f1-176239a934fb', 'Cádiz', 'ES', 36.50000000, -6.25000000, '2026-01-12 19:43:43.338347+00', '2026-01-12 19:43:43.338347+00', 'Coastal limestone and sandstone.'),
	('db6b8558-a1d8-43af-9d4e-a238f8019bd6', 'Mallorca', 'ES', 39.61670000, 3.00000000, '2026-01-12 19:43:43.338347+00', '2026-01-12 19:43:43.338347+00', 'Limestone sport climbing on the Balearic Islands.'),
	('fd77c1f0-d316-450d-b425-80ca06c4c292', 'Arrábida', 'PT', 38.46670000, -9.00000000, '2026-01-12 19:43:43.338347+00', '2026-01-12 19:43:43.338347+00', 'Limestone sport climbing near Lisbon.'),
	('10ba4de6-f6af-4110-978d-96387234df6b', 'Bertrix', 'BE', 49.85000000, 5.25000000, '2026-01-12 19:43:43.338347+00', '2026-01-12 19:43:43.338347+00', 'Sandstone bouldering in the Ardennes.'),
	('81e0ffce-5bf5-4cb9-9f00-a1864d566de1', 'Rochehaut', 'BE', 49.83330000, 5.28330000, '2026-01-12 19:43:43.338347+00', '2026-01-12 19:43:43.338347+00', 'Sandstone bouldering near the Ourthe River.'),
	('c512a71e-0b43-4f12-8d88-be76cf04107e', 'Portland', 'GB', 50.56670000, -2.45000000, '2026-01-12 19:43:43.338347+00', '2026-01-12 19:43:43.338347+00', 'Portland limestone in Dorset.'),
	('9ce14517-cfaa-4bde-9cb5-4569885e0127', 'Peak District', 'GB', 53.25000000, -1.50000000, '2026-01-12 19:43:43.338347+00', '2026-01-12 19:43:43.338347+00', 'Sandstone trad climbing.'),
	('8b73700f-7d47-4b6e-87d8-60bace4cbc98', 'Yorkshire', 'GB', 54.00000000, -1.50000000, '2026-01-12 19:43:43.338347+00', '2026-01-12 19:43:43.338347+00', 'Gritstone and limestone.'),
	('c4241ea6-bdaa-4765-bff5-2ed6cb8ffea8', 'Lake District', 'GB', 54.50000000, -3.00000000, '2026-01-12 19:43:43.338347+00', '2026-01-12 19:43:43.338347+00', 'Mountain rock and slate.'),
	('900ad305-e6df-47fa-bc89-1d7fa5f53cf1', 'Cornwall', 'GB', 50.26670000, -5.05000000, '2026-01-12 19:43:43.338347+00', '2026-01-12 19:43:43.338347+00', 'Coastal granite and serpentinite.'),
	('350100db-930b-440a-b70e-5a334d3813b0', 'Scotland', 'GB', 56.00000000, -4.00000000, '2026-01-12 19:43:43.338347+00', '2026-01-12 19:43:43.338347+00', 'Highland granite and schist.'),
	('7c731ece-cb43-4753-b833-1c803e72799c', 'Devon', 'GB', 50.75000000, -3.75000000, '2026-01-12 19:43:43.338347+00', '2026-01-12 19:43:43.338347+00', 'Limestone and sandstone.'),
	('7e8da1db-5405-404a-8e94-90bced5544e1', 'Bishop', 'CA', 37.38610000, -118.38680000, '2026-01-12 19:43:43.338347+00', '2026-01-12 19:43:43.338347+00', 'Limestone bouldering at Happythought and The Buttermilks.'),
	('d7eb80ce-9089-42a7-86dd-b981084cbc9b', 'Hueco Tanks', 'TX', 31.90000000, -105.96670000, '2026-01-12 19:43:43.338347+00', '2026-01-12 19:43:43.338347+00', 'Desert boulders with holds like "the Moon".'),
	('cfafe4c1-2d8a-4254-a6cf-31cda83eedda', 'Red River Gorge', 'KY', 37.80000000, -83.00000000, '2026-01-12 19:43:43.338347+00', '2026-01-12 19:43:43.338347+00', 'Limestone sport climbing paradise.'),
	('5363e58a-1d56-4a3a-95a6-c63511d2af0f', 'Joe''s Valley', 'UT', 39.50000000, -111.00000000, '2026-01-12 19:43:43.338347+00', '2026-01-12 19:43:43.338347+00', 'Sandstone bouldering in Utah canyon.'),
	('beef2777-d4a6-4791-b46d-954b99b5e5e5', 'Indian Creek', 'UT', 38.03330000, -109.50000000, '2026-01-12 19:43:43.338347+00', '2026-01-12 19:43:43.338347+00', 'Sandstone splitter cracks.'),
	('9f3f4dda-f736-4e42-bdf5-2aa0aa9ec724', 'Yosemite', 'CA', 37.74500000, -119.59360000, '2026-01-12 19:43:43.338347+00', '2026-01-12 19:43:43.338347+00', 'Granite big walls and sport.'),
	('3d0e91f0-66c3-4b89-b4df-295eb33e2b57', 'Red Rocks', 'NV', 36.13330000, -115.43330000, '2026-01-12 19:43:43.338347+00', '2026-01-12 19:43:43.338347+00', 'Desert sandstone sport and trad.'),
	('9b6c84c9-0628-417a-ae90-24b8ad480310', 'Boulder Canyon', 'CO', 40.00000000, -105.50000000, '2026-01-12 19:43:43.338347+00', '2026-01-12 19:43:43.338347+00', 'Granite and gneiss sport.'),
	('82c91e57-d519-4aab-a5df-7c1d070e8ca0', 'Fort Collins', 'CO', 40.55000000, -105.07000000, '2026-01-12 19:43:43.338347+00', '2026-01-12 19:43:43.338347+00', 'Horsetooth and Greyrock areas.'),
	('761f4cfb-607c-4d7c-8689-97e889aaf87b', 'Lake Tahoe', 'CA', 38.95000000, -119.95000000, '2026-01-12 19:43:43.338347+00', '2026-01-12 19:43:43.338347+00', 'Granite bouldering and sport.'),
	('51d6f36d-0c25-435d-aef3-568d526b2eaa', 'Little Cottonwood', 'UT', 40.56670000, -111.80000000, '2026-01-12 19:43:43.338347+00', '2026-01-12 19:43:43.338347+00', 'Granite sport at Gate Buttress.'),
	('c52116ff-1e4c-4f9c-88ed-d845ee84afae', 'Flagstaff', 'AZ', 35.20000000, -111.65000000, '2026-01-12 19:43:43.338347+00', '2026-01-12 19:43:43.338347+00', 'Volcanic rock.'),
	('d16f3ec8-4227-44c3-b59d-54e16ce5516f', 'Joshua Tree', 'CA', 33.90000000, -115.90000000, '2026-01-12 19:43:43.338347+00', '2026-01-12 19:43:43.338347+00', 'Desert granite.'),
	('ebb13272-5d82-4aee-8de6-ab22deb4aa72', 'Owens River Gorge', 'CA', 37.80000000, -118.90000000, '2026-01-12 19:43:43.338347+00', '2026-01-12 19:43:43.338347+00', 'Limestone sport climbing.'),
	('f211367b-bb5f-469f-bf31-c0428558a885', 'Maple Canyon', 'UT', 39.85000000, -111.75000000, '2026-01-12 19:43:43.338347+00', '2026-01-12 19:43:43.338347+00', 'Conglomerate sport climbing.'),
	('abe2b690-393b-4ac2-963e-9807b3233921', 'Smith Rocks', 'OR', 44.36670000, -121.15000000, '2026-01-12 19:43:43.338347+00', '2026-01-12 19:43:43.338347+00', 'Limestone sport climbing.'),
	('3b3da8c8-5263-4938-b26a-422717122f62', 'Linville Gorge', 'NC', 35.95000000, -81.95000000, '2026-01-12 19:43:43.338347+00', '2026-01-12 19:43:43.338347+00', 'Limestone and gneiss.'),
	('73884dad-8e60-49ea-84f6-63b5d209d465', 'New River Gorge', 'WV', 38.00000000, -81.00000000, '2026-01-12 19:43:43.338347+00', '2026-01-12 19:43:43.338347+00', 'Limestone sport climbing.'),
	('18ecd6c2-a40f-4323-a56e-b2e6fd02cdcd', 'Rumney', 'NH', 43.80000000, -71.80000000, '2026-01-12 19:43:43.338347+00', '2026-01-12 19:43:43.338347+00', 'Limestone sport climbing.'),
	('2437e2b5-7e61-40aa-9690-aa9bbf4cc53b', 'Shawangunks', 'NY', 41.70000000, -74.30000000, '2026-01-12 19:43:43.338347+00', '2026-01-12 19:43:43.338347+00', 'Historic American climbing.'),
	('3faa8c8d-1b74-4677-9256-f741248bbe78', 'Squamish', 'BC', 49.70000000, -123.15000000, '2026-01-12 19:43:43.338347+00', '2026-01-12 19:43:43.338347+00', 'Granite. The Chief, Smoke Bluffs.'),
	('67aa15e6-a042-497f-a9d6-018fd6e0164e', 'Canmore', 'AB', 51.08330000, -115.35000000, '2026-01-12 19:43:43.338347+00', '2026-01-12 19:43:43.338347+00', 'Limestone and granite.'),
	('ca2806c7-86e0-4a7b-abaf-5e119e3a303e', 'Montreal', 'QC', 45.50000000, -73.60000000, '2026-01-12 19:43:43.338347+00', '2026-01-12 19:43:43.338347+00', 'Urban climbing.'),
	('46dd6679-1e73-40fe-9ea9-fdb6ba0a7545', 'Ottawa', 'ON', 45.41670000, -75.70000000, '2026-01-12 19:43:43.338347+00', '2026-01-12 19:43:43.338347+00', 'Gneiss boulders.'),
	('1d4f87c4-de54-4bfa-be90-b74c8f63582a', 'Jasper', 'AB', 52.88330000, -118.05000000, '2026-01-12 19:43:43.338347+00', '2026-01-12 19:43:43.338347+00', 'Alpine granite.'),
	('f313715b-898e-49cc-93c4-7b85106ff210', 'Rocklands', 'ZA', -32.48330000, 19.03330000, '2026-01-12 19:43:43.338347+00', '2026-01-12 19:43:43.338347+00', 'World-famous sandstone bouldering.'),
	('39827b3a-5568-4b7b-9902-141932145ffa', 'Cederberg', 'ZA', -32.50000000, 19.00000000, '2026-01-12 19:43:43.338347+00', '2026-01-12 19:43:43.338347+00', 'Sandstone boulders.'),
	('67a73691-f7de-4219-9179-4a124b94efbf', 'Montagne d''Or', 'RE', -21.10000000, 55.60000000, '2026-01-12 19:43:43.338347+00', '2026-01-12 19:43:43.338347+00', 'Bouldering on Réunion Island.'),
	('09fa8192-5aa6-4009-9eba-044d9dc23f55', 'Sydney', 'AU', -33.87000000, 151.21000000, '2026-01-12 19:43:43.338347+00', '2026-01-12 19:43:43.338347+00', 'Sandstone at Nowra, Mount York.'),
	('9cf7649d-1117-4405-a67e-961c7351ebd7', 'Wanaka', 'NZ', -44.70000000, 169.15000000, '2026-01-12 19:43:43.338347+00', '2026-01-12 19:43:43.338347+00', 'Granite bouldering at Matrix.'),
	('91427529-14ba-4b3f-af2a-ad7389975818', 'Queenstown', 'NZ', -45.03000000, 168.66000000, '2026-01-12 19:43:43.338347+00', '2026-01-12 19:43:43.338347+00', 'Alpine setting.'),
	('7a325beb-9538-421b-9e11-48208fb58c55', 'Brisbane', 'AU', -27.50000000, 153.00000000, '2026-01-12 19:43:43.338347+00', '2026-01-12 19:43:43.338347+00', 'Sandstone.'),
	('4a6eb3af-e4db-49f9-ac11-c31bc1dfcea0', 'Yangshuo', 'CN', 24.78330000, 110.50000000, '2026-01-12 19:43:43.338347+00', '2026-01-12 19:43:43.338347+00', 'Limestone karst.'),
	('b84cfeea-01c1-4aed-9653-348b4c3c3b30', 'Narita', 'JP', 35.78330000, 140.30000000, '2026-01-12 19:43:43.338347+00', '2026-01-12 19:43:43.338347+00', 'Bouldering near Tokyo.'),
	('25012d4e-417e-4765-8d74-d43d28ce7bd5', 'Longdong', 'TW', 24.15000000, 121.65000000, '2026-01-12 19:43:43.338347+00', '2026-01-12 19:43:43.338347+00', 'Coastal climbing.'),
	('73cc93b1-b2e4-4095-b8aa-868ce69e080a', 'Kalymnos', 'GR', 36.95000000, 26.98330000, '2026-01-12 19:43:43.338347+00', '2026-01-12 19:43:43.338347+00', 'World-famous limestone island.'),
	('98cd4f88-5e20-46cd-8559-f425161005fe', 'Meteora', 'GR', 39.71670000, 21.63330000, '2026-01-12 19:43:43.338347+00', '2026-01-12 19:43:43.338347+00', 'Limestone pillars with monasteries.'),
	('c3861c06-23dc-4f3f-a418-49bb1fec062e', 'Mendoza', 'AR', -32.88330000, -68.83330000, '2026-01-12 19:43:43.338347+00', '2026-01-12 19:43:43.338347+00', 'Granite and limestone.'),
	('7c9b4ecd-9ec9-4e86-bf35-752012bb5a5f', 'Sierra de la Ventana', 'AR', -38.00000000, -62.00000000, '2026-01-12 19:43:43.338347+00', '2026-01-12 19:43:43.338347+00', 'Sandstone climbing.'),
	('b93249a9-04af-4697-8251-30a838fd2e9a', 'El Potrero Chico', 'MX', 25.95000000, -100.50000000, '2026-01-12 19:43:43.338347+00', '2026-01-12 19:43:43.338347+00', 'Limestone sport climbing.'),
	('e511b0a7-9e86-4639-89ad-4d9476cde3c0', 'Yucatán', 'MX', 20.98000000, -89.50000000, '2026-01-12 19:43:43.338347+00', '2026-01-12 19:43:43.338347+00', 'Cenotes and limestone.'),
	('ce168e68-061e-4126-9800-785a5f53f15a', 'Costa Rica', 'CR', 9.75000000, -83.75000000, '2026-01-12 19:43:43.338347+00', '2026-01-12 19:43:43.338347+00', 'Limestone near Caribbean.'),
	('9d5a077b-bcc9-456e-b314-eefb4d130d46', 'Guernsey', 'GG', 49.45000000, -2.58000000, '2026-01-12 19:43:43.338347+00', '2026-01-12 19:43:43.338347+00', 'Granite boulders and cliffs.'),
	('e15c7b80-67f5-4245-b04d-5888f0a16304', 'Jersey', 'JE', 49.20000000, -2.10000000, '2026-01-12 19:43:43.338347+00', '2026-01-12 19:43:43.338347+00', 'Granite bouldering and sea cliffs.'),
	('d0f80657-a7f9-430f-a5f7-1a1d6ebb95df', 'Frankenjura', 'DE', 49.65000000, 11.35000000, '2026-01-12 19:43:43.338347+00', '2026-01-12 19:43:43.338347+00', 'Limestone sport climbing.'),
	('6731e891-1182-4d40-8817-06767eda5b70', 'Saxon Switzerland', 'DE', 50.91670000, 14.20000000, '2026-01-12 19:43:43.338347+00', '2026-01-12 19:43:43.338347+00', 'Sandstone pillars.'),
	('728f5a49-1c42-450b-8ad3-82f3f808d2aa', 'Norway', 'NO', 61.00000000, 8.00000000, '2026-01-12 19:43:43.338347+00', '2026-01-12 19:43:43.338347+00', 'Granite and gneiss.') ON CONFLICT DO NOTHING;


--
-- Data for Name: crags; Type: TABLE DATA; Schema: public; Owner: postgres
--

INSERT INTO "public"."crags" ("id", "name", "latitude", "longitude", "region_id", "description", "access_notes", "rock_type", "type", "created_at", "updated_at", "report_count", "is_flagged", "boundary") VALUES
	('8c36c744-429b-475e-8ad1-44d6552f38bb', 'Tielles East', 49.42371400, -2.63694300, '4d677056-a613-420c-9876-48490bc5e55e', NULL, NULL, NULL, 'sport', '2026-01-10 18:05:42.457188+00', '2026-01-10 18:05:42.457188+00', 0, false, NULL),
	('ce4dd38c-03c0-4fb2-b94a-5621bad5c578', 'Tielles East', 49.42382900, -2.63657800, '4d677056-a613-420c-9876-48490bc5e55e', NULL, NULL, NULL, 'sport', '2026-01-10 18:21:48.98624+00', '2026-01-10 18:21:48.98624+00', 0, false, NULL),
	('097f9990-160e-485c-99b6-f83266fae76d', 'Tielles', 49.42378000, -2.63604200, '4d677056-a613-420c-9876-48490bc5e55e', NULL, NULL, NULL, 'sport', '2026-01-10 18:28:16.449536+00', '2026-01-10 18:28:16.449536+00', 0, false, NULL),
	('b3951ddc-cb78-43ea-b27e-921caabb2881', 'Torque Boulder', 50.32726010, -3.60028380, '75026f56-b9bd-4773-85ff-0024f412fb23', NULL, NULL, NULL, 'sport', '2026-01-11 12:51:08.058955+00', '2026-01-11 12:51:08.058955+00', 0, false, '0103000020E61000000100000009000000DBA4BBB43CCD0CC09264B1A8E3294940796B8A8247CD0CC017AE1DB3E4294940818CCA9761CD0CC020D27821E529494089AD0AAD7BCD0CC017AE1DB3E42949402774D97A86CD0CC09264B1A8E329494089AD0AAD7BCD0CC00D1B459EE2294940818CCA9761CD0CC004F7E92FE2294940796B8A8247CD0CC00D1B459EE2294940DBA4BBB43CCD0CC09264B1A8E3294940'),
	('aebf7aa9-5665-434c-99e1-ada7d2b3958b', 'sssssss', 51.06357500, 0.16530500, '3870d90b-36c3-42ca-93f0-a74004ea6603', NULL, NULL, NULL, 'sport', '2026-01-11 19:31:33.67685+00', '2026-01-11 19:31:33.67685+00', 0, false, NULL),
	('fd8d837d-fb0d-4002-9e3d-418548c6ce16', 'dddd', 50.84082200, -0.14109100, '3870d90b-36c3-42ca-93f0-a74004ea6603', NULL, NULL, NULL, 'sport', '2026-01-11 19:56:59.868948+00', '2026-01-11 19:56:59.868948+00', 0, false, NULL),
	('6a2a14ec-15ed-4a7d-90bb-3b5d2bd8e6a0', 'dddd', 51.52684000, -0.03138300, '8cc9db2a-ccb0-430a-957c-9e1e69f7287f', NULL, NULL, 'dd', 'sport', '2026-01-11 20:05:02.525986+00', '2026-01-11 20:05:02.525986+00', 0, false, NULL),
	('e5e7d564-c491-4a44-82ed-8ebd4065ae1c', 'wwww', 49.50912800, -2.51803100, '05875985-7717-4c16-b153-d19eb50a3d17', NULL, NULL, NULL, 'sport', '2026-01-11 20:25:14.823662+00', '2026-01-11 20:25:14.823662+00', 0, false, NULL),
	('e0d08eb1-7e74-41fc-9658-a806b80fd564', 'dddd', 50.72175300, -2.93829200, '75026f56-b9bd-4773-85ff-0024f412fb23', NULL, NULL, NULL, 'sport', '2026-01-11 20:53:12.936083+00', '2026-01-11 20:53:12.936083+00', 0, false, NULL),
	('9c200ee4-1db7-4805-be67-e8adbe33997a', 'ddd', 50.34036000, -3.69473500, '75026f56-b9bd-4773-85ff-0024f412fb23', NULL, NULL, NULL, 'sport', '2026-01-11 21:04:32.935376+00', '2026-01-11 21:04:32.935376+00', 0, false, NULL),
	('fdd3ce2b-f747-4b20-9f58-1dd415b66c94', 'dddd', 49.50751400, -2.53261700, '4d677056-a613-420c-9876-48490bc5e55e', NULL, NULL, NULL, 'sport', '2026-01-11 21:24:06.361401+00', '2026-01-11 21:24:06.361401+00', 0, false, NULL),
	('cbab8b14-df03-4212-9021-aacc92553d84', 'ddd', 50.34036300, -3.69474600, '75026f56-b9bd-4773-85ff-0024f412fb23', NULL, NULL, NULL, 'sport', '2026-01-11 22:40:47.60103+00', '2026-01-11 22:40:47.60103+00', 0, false, NULL),
	('e7a45d25-705f-4338-b50e-3ea2164df5e2', 'Fort Doyle', 49.50628600, -2.50501400, '05875985-7717-4c16-b153-d19eb50a3d17', NULL, NULL, NULL, 'sport', '2026-01-12 17:35:58.433026+00', '2026-01-12 17:35:58.433026+00', 0, false, NULL),
	('84186445-0106-473a-9650-010eede151ee', '95', 48.41650000, 2.70200000, 'd00d1601-1f48-4fd8-9441-9ad3b60be4b1', 'Iconic sector with classic problems from 5+ to 8C+.', 'Park at 95 parking, 15 min walk into forest.', 'sandstone', 'boulder', '2026-01-12 19:43:43.338347+00', '2026-01-12 19:43:43.338347+00', 0, false, NULL),
	('201d5892-50b2-4d0d-b56a-df0717e6eec6', '96', 48.42000000, 2.70500000, 'd00d1601-1f48-4fd8-9441-9ad3b60be4b1', 'Adjacent to 95, similar grade range.', 'Shared parking with 95.', 'sandstone', 'boulder', '2026-01-12 19:43:43.338347+00', '2026-01-12 19:43:43.338347+00', 0, false, NULL),
	('0147c66f-3a17-4b91-850f-c0a0ab6127f4', '97', 48.42500000, 2.71000000, 'd00d1601-1f48-4fd8-9441-9ad3b60be4b1', 'Higher grade sector.', '20 min walk from 95 parking.', 'sandstone', 'boulder', '2026-01-12 19:43:43.338347+00', '2026-01-12 19:43:43.338347+00', 0, false, NULL),
	('95ebd728-e06a-45ea-bbba-2d0788e566ec', 'Cuvier', 48.40000000, 2.68000000, 'd00d1601-1f48-4fd8-9441-9ad3b60be4b1', 'Large forest area.', 'Main parking for Cuvier.', 'sandstone', 'boulder', '2026-01-12 19:43:43.338347+00', '2026-01-12 19:43:43.338347+00', 0, false, NULL),
	('df6bb8c1-f32c-4af1-bb93-0b0f3785974c', 'Roche aux Sabots', 48.39000000, 2.67000000, 'd00d1601-1f48-4fd8-9441-9ad3b60be4b1', 'Popular sector.', 'Parking at Franchard.', 'sandstone', 'boulder', '2026-01-12 19:43:43.338347+00', '2026-01-12 19:43:43.338347+00', 0, false, NULL),
	('98a5d940-8ca3-4f10-943b-08b974d009f0', 'Apremont', 48.43000000, 2.73000000, 'd00d1601-1f48-4fd8-9441-9ad3b60be4b1', 'Remote sector.', 'Longer walk required.', 'sandstone', 'boulder', '2026-01-12 19:43:43.338347+00', '2026-01-12 19:43:43.338347+00', 0, false, NULL),
	('cd9afe35-9acb-44bb-920e-b0db7932b5da', 'Magic Wood', 46.86670000, 9.03330000, '93ef1c65-93a0-4385-9993-875cfc5e3933', 'World-class sandstone.', 'Parking near Valzeina.', 'sandstone', 'boulder', '2026-01-12 19:43:43.338347+00', '2026-01-12 19:43:43.338347+00', 0, false, NULL),
	('e2844d2b-1b37-4acc-865c-10a382f0dc9d', 'Chironico', 46.45000000, 8.80000000, '84a0095e-71e5-4276-8b7f-e2efb7528a7e', 'Powerful problems.', 'Parking in village.', 'sandstone', 'boulder', '2026-01-12 19:43:43.338347+00', '2026-01-12 19:43:43.338347+00', 0, false, NULL),
	('5b88f2a8-567b-4521-a025-fa284c56e290', 'Cresciano', 46.31670000, 8.83330000, 'ba15cedd-3eeb-46e8-aa5c-2a0847fc5c35', 'Powerful boulders.', 'Parking at lot.', 'sandstone', 'boulder', '2026-01-12 19:43:43.338347+00', '2026-01-12 19:43:43.338347+00', 0, false, NULL),
	('f980409d-ad57-45aa-93b2-1b7151ea765a', 'Finale Ligure', 44.17000000, 8.34000000, '971e53e4-535b-4b95-be84-0de3b942eacb', 'Sport climbing paradise.', 'Many campgrounds.', 'limestone', 'sport', '2026-01-12 19:43:43.338347+00', '2026-01-12 19:43:43.338347+00', 0, false, NULL),
	('b1f3d7f0-9d88-4f0e-ab30-a8b8f3b82345', 'Arco', 45.91670000, 10.88330000, '7322e708-7cbf-4037-bd19-c2fb1ccd1b49', 'World Cup venue.', 'Camping at Lake Garda.', 'limestone', 'sport', '2026-01-12 19:43:43.338347+00', '2026-01-12 19:43:43.338347+00', 0, false, NULL),
	('06eb53f9-1de6-48ab-a76e-55d1f25f287d', 'Siurana', 41.26670000, 0.96670000, 'eb408c34-a6e9-48b1-a41f-869d72667829', 'Steep terrain.', 'Parking at crag.', 'limestone', 'sport', '2026-01-12 19:43:43.338347+00', '2026-01-12 19:43:43.338347+00', 0, false, NULL),
	('044f203e-1f0c-4f7e-9cfc-b8c8ddd0a586', 'Margalef', 41.48330000, 0.75000000, '9bcc9fd3-25a4-4ee1-9270-94f5ff478100', 'Technical climbing.', 'Parking at village.', 'limestone', 'sport', '2026-01-12 19:43:43.338347+00', '2026-01-12 19:43:43.338347+00', 0, false, NULL),
	('b595d3cd-2a87-4ae4-8621-2bf3773e3044', 'Rodellar', 42.33330000, -0.06670000, '780414a2-1b4b-4eeb-b69f-d5ae8cc94190', 'Steep and pumpy.', 'Campground.', 'limestone', 'sport', '2026-01-12 19:43:43.338347+00', '2026-01-12 19:43:43.338347+00', 0, false, NULL),
	('3894a820-ab30-415d-b48c-c0f8236f6627', 'Portland', 50.56670000, -2.45000000, 'c512a71e-0b43-4f12-8d88-be76cf04107e', 'Sea cliffs.', 'Portland quarries.', 'limestone', 'sport', '2026-01-12 19:43:43.338347+00', '2026-01-12 19:43:43.338347+00', 0, false, NULL),
	('62b6e6b7-dca0-405c-a025-5fbe474a2d55', 'Stanage', 53.35000000, -1.60000000, '8b73700f-7d47-4b6e-87d8-60bace4cbc98', 'Gritstone edge.', 'Robin Hood pub.', 'gritstone', 'trad', '2026-01-12 19:43:43.338347+00', '2026-01-12 19:43:43.338347+00', 0, false, NULL),
	('edf818e8-8ecc-4867-ae77-65f24debd61c', 'Gordale Scar', 54.06670000, -2.15000000, '8b73700f-7d47-4b6e-87d8-60bace4cbc98', 'Classic gritstone.', 'National Trust.', 'gritstone', 'trad', '2026-01-12 19:43:43.338347+00', '2026-01-12 19:43:43.338347+00', 0, false, NULL),
	('8c27b043-f63e-42ed-b3e4-1ba650ece6bb', 'Happythought', 37.38610000, -118.38680000, '7e8da1db-5405-404a-8e94-90bced5544e1', 'Limestone bouldering.', 'Pine Creek Lodge.', 'limestone', 'boulder', '2026-01-12 19:43:43.338347+00', '2026-01-12 19:43:43.338347+00', 0, false, NULL),
	('377dc643-d86c-48d9-b829-daa92d23cb35', 'The Buttermilks', 37.37000000, -118.40000000, '7e8da1db-5405-404a-8e94-90bced5544e1', 'Granite boulders.', 'Buttermilk Rd.', 'granite', 'boulder', '2026-01-12 19:43:43.338347+00', '2026-01-12 19:43:43.338347+00', 0, false, NULL),
	('3ce32906-189c-44fb-b032-8eaf1610d747', 'Hueco Tanks', 31.90000000, -105.96670000, 'd7eb80ce-9089-42a7-86dd-b981084cbc9b', 'Desert boulders.', 'Park entry fee.', 'sandstone', 'boulder', '2026-01-12 19:43:43.338347+00', '2026-01-12 19:43:43.338347+00', 0, false, NULL),
	('27b33107-c383-4aad-a6a4-131e419bf9ea', 'PMRP', 37.80000000, -83.00000000, 'cfafe4c1-2d8a-4254-a6cf-31cda83eedda', '500+ routes.', 'Miguel''s Pizza.', 'limestone', 'sport', '2026-01-12 19:43:43.338347+00', '2026-01-12 19:43:43.338347+00', 0, false, NULL),
	('0ff2a2b5-0f19-4f8c-ae74-388781f872fb', 'Left Fork', 39.50000000, -111.00000000, '5363e58a-1d56-4a3a-95a6-c63511d2af0f', 'Circuit problems.', 'Forest camping.', 'sandstone', 'boulder', '2026-01-12 19:43:43.338347+00', '2026-01-12 19:43:43.338347+00', 0, false, NULL),
	('d2247a2f-6086-40f5-9fda-cd6dac3b5d27', 'Right Fork', 39.48000000, -110.98000000, '5363e58a-1d56-4a3a-95a6-c63511d2af0f', 'Classic circuits.', 'Shared parking.', 'sandstone', 'boulder', '2026-01-12 19:43:43.338347+00', '2026-01-12 19:43:43.338347+00', 0, false, NULL),
	('03201fce-5582-48ac-965d-788a8aad0ca3', 'Indian Creek', 38.03330000, -109.50000000, 'beef2777-d4a6-4791-b46d-954b99b5e5e5', 'Splitter cracks.', 'BLM camping.', 'sandstone', 'trad', '2026-01-12 19:43:43.338347+00', '2026-01-12 19:43:43.338347+00', 0, false, NULL),
	('8b3220c9-bb23-47e9-b747-5a1afa785af0', 'Camp 4', 37.74500000, -119.59360000, '9f3f4dda-f736-4e42-bdf5-2aa0aa9ec724', 'Yosemite granite.', 'National Park.', 'granite', 'sport', '2026-01-12 19:43:43.338347+00', '2026-01-12 19:43:43.338347+00', 0, false, NULL),
	('e73a07dc-fc36-4572-812e-405d7f532062', 'Red Rocks', 36.13330000, -115.43330000, '3d0e91f0-66c3-4b89-b4df-295eb33e2b57', 'Desert sandstone.', 'Red Rock Canyon.', 'sandstone', 'sport', '2026-01-12 19:43:43.338347+00', '2026-01-12 19:43:43.338347+00', 0, false, NULL),
	('4fd733cf-4e00-4609-86aa-681d791c3299', 'Rumney', 43.80000000, -71.80000000, '18ecd6c2-a40f-4323-a56e-b2e6fd02cdcd', '200+ routes.', 'Parking fee.', 'limestone', 'sport', '2026-01-12 19:43:43.338347+00', '2026-01-12 19:43:43.338347+00', 0, false, NULL),
	('2bd21adb-3e72-412f-bded-9d32be4b10a1', 'The Chief', 49.70000000, -123.15000000, '3faa8c8d-1b74-4677-9256-f741248bbe78', 'Grand Wall.', 'Sea to Sky.', 'granite', 'trad', '2026-01-12 19:43:43.338347+00', '2026-01-12 19:43:43.338347+00', 0, false, NULL),
	('a90ac6ca-4c6f-42bb-b075-c54f12a50464', 'Smoke Bluffs', 49.72000000, -123.10000000, '3faa8c8d-1b74-4677-9256-f741248bbe78', 'Urban Squamish.', 'Mamquam Road.', 'granite', 'sport', '2026-01-12 19:43:43.338347+00', '2026-01-12 19:43:43.338347+00', 0, false, NULL),
	('d3a44fd8-5228-4dbb-bb5e-d598b65bbc87', 'Northern', -32.48330000, 19.03330000, 'f313715b-898e-49cc-93c4-7b85106ff210', 'Main area.', 'Conservancy entry.', 'sandstone', 'boulder', '2026-01-12 19:43:43.338347+00', '2026-01-12 19:43:43.338347+00', 0, false, NULL),
	('aa47b098-8ef3-4e9c-b8a6-862787144cc2', 'Playground', -32.50000000, 19.00000000, '39827b3a-5568-4b7b-9902-141932145ffa', 'Classic circuit.', 'Cederberg.', 'sandstone', 'boulder', '2026-01-12 19:43:43.338347+00', '2026-01-12 19:43:43.338347+00', 0, false, NULL),
	('be49c3b4-28e2-42c0-a988-2a8464f982f3', 'Torque Boulder', 49.50910000, -2.51800000, '9d5a077b-bcc9-456e-b314-eefb4d130d46', 'Headland boulder.', 'Coastal path.', 'granite', 'boulder', '2026-01-12 19:43:43.338347+00', '2026-01-12 19:43:43.338347+00', 0, false, NULL),
	('8b4a6cc0-b3cd-423a-b536-f477e99bcb51', 'Jerbourg', 49.45000000, -2.53000000, '9d5a077b-bcc9-456e-b314-eefb4d130d46', 'Sea cliffs.', 'Coastguard.', 'granite', 'boulder', '2026-01-12 19:43:43.338347+00', '2026-01-12 19:43:43.338347+00', 0, false, NULL),
	('495e115e-fc48-40c8-b24a-56aaa804b331', 'Nowra', -34.85000000, 150.60000000, '09fa8192-5aa6-4009-9eba-044d9dc23f55', 'Classic circuit.', 'Nowra Park.', 'sandstone', 'boulder', '2026-01-12 19:43:43.338347+00', '2026-01-12 19:43:43.338347+00', 0, false, NULL),
	('2441fe89-0fa8-46c9-a549-ef8d6b64dda7', 'Mount York', -33.75000000, 150.25000000, '09fa8192-5aa6-4009-9eba-044d9dc23f55', 'Historic boulders.', 'Mount York Rd.', 'sandstone', 'boulder', '2026-01-12 19:43:43.338347+00', '2026-01-12 19:43:43.338347+00', 0, false, NULL),
	('64023ebf-b7c4-48e2-9a51-31d10194226c', 'Matrix', -44.70000000, 169.15000000, '9cf7649d-1117-4405-a67e-961c7351ebd7', 'Granite boulders.', 'Matrix area.', 'granite', 'boulder', '2026-01-12 19:43:43.338347+00', '2026-01-12 19:43:43.338347+00', 0, false, NULL),
	('ac3e07e6-01b9-42ef-ad80-9a1d3833e269', 'Yangshuo', 24.78330000, 110.50000000, '4a6eb3af-e4db-49f9-ac11-c31bc1dfcea0', 'Limestone karst.', 'Guesthouses.', 'limestone', 'sport', '2026-01-12 19:43:43.338347+00', '2026-01-12 19:43:43.338347+00', 0, false, NULL),
	('481552b3-7808-46d5-b9ac-f3ade0adedb2', 'Kalymnos', 36.95000000, 26.98330000, '73cc93b1-b2e4-4095-b8aa-868ce69e080a', 'Island paradise.', 'Ferry.', 'limestone', 'sport', '2026-01-12 19:43:43.338347+00', '2026-01-12 19:43:43.338347+00', 0, false, NULL),
	('a690321c-3c46-4e29-b0c3-68ad7a8a05ec', 'El Potrero Chico', 25.95000000, -100.50000000, 'b93249a9-04af-4697-8251-30a838fd2e9a', '600m+ walls.', 'Campground.', 'limestone', 'sport', '2026-01-12 19:43:43.338347+00', '2026-01-12 19:43:43.338347+00', 0, false, NULL),
	('81d549a9-9d3b-4819-9aa4-49c9fc7b224c', 'Frankenjura', 49.65000000, 11.35000000, 'd0f80657-a7f9-430f-a5f7-1a1d6ebb95df', '5000+ routes.', 'Beer culture.', 'limestone', 'sport', '2026-01-12 19:43:43.338347+00', '2026-01-12 19:43:43.338347+00', 0, false, NULL),
	('a5e0042b-6a26-46f8-a1dc-b824a3cd32e9', 'Saxon Switzerland', 50.91670000, 14.20000000, '6731e891-1182-4d40-8817-06767eda5b70', 'Sandstone pillars.', 'Bastei.', 'sandstone', 'trad', '2026-01-12 19:43:43.338347+00', '2026-01-12 19:43:43.338347+00', 0, false, NULL),
	('b286b28c-aea1-4a35-90f6-a8bd061b0640', 'wwww', 50.83582300, -0.21142400, '86079ebd-6f08-434d-a52b-3e5c9ea36ee5', NULL, NULL, NULL, 'sport', '2026-01-12 21:02:21.681308+00', '2026-01-12 21:02:21.681308+00', 0, false, NULL),
	('359d5cb3-22d9-4cea-8b40-4749301a86d7', 'crag', 51.06308300, 0.16891500, 'c512a71e-0b43-4f12-8d88-be76cf04107e', NULL, NULL, NULL, 'sport', '2026-01-12 21:13:23.690393+00', '2026-01-12 21:13:23.690393+00', 0, false, NULL),
	('9584977f-9d35-452d-841d-40abc275dfb8', 'dd', 50.63136200, -0.77559000, 'c512a71e-0b43-4f12-8d88-be76cf04107e', NULL, NULL, NULL, 'sport', '2026-01-13 18:33:31.944103+00', '2026-01-13 18:33:31.944103+00', 0, false, NULL) ON CONFLICT DO NOTHING;


--
-- Data for Name: grade_votes; Type: TABLE DATA; Schema: public; Owner: postgres
--



--
-- Data for Name: grades; Type: TABLE DATA; Schema: public; Owner: postgres
--

INSERT INTO "public"."grades" ("grade", "points") VALUES
	('V0', 580),
	('V1', 596),
	('V2', 612),
	('V3', 628),
	('V4', 644),
	('V5', 660),
	('V6', 676),
	('V7', 692),
	('V8', 708),
	('V9', 724),
	('V10', 740),
	('V11', 756),
	('V12', 772),
	('V13', 788),
	('V14', 804),
	('V15', 820),
	('V16', 836),
	('V17', 852),
	('V18', 868),
	('V19', 884),
	('V20', 900),
	('V21', 916),
	('V22', 932),
	('V23', 948),
	('5A', 484),
	('5A+', 500),
	('5B', 516),
	('5B+', 532),
	('5C', 548),
	('5C+', 564),
	('6A', 580),
	('6A+', 596),
	('6B', 612),
	('6B+', 628),
	('6C', 644),
	('6C+', 660),
	('7A', 676),
	('7A+', 692),
	('7B', 708),
	('7B+', 724),
	('7C', 740),
	('7C+', 756),
	('8A', 772),
	('8A+', 788),
	('8B', 804),
	('8B+', 820),
	('8C', 836),
	('8C+', 852),
	('9A', 868),
	('9A+', 884),
	('9B', 900),
	('9B+', 916),
	('9C', 932),
	('9C+', 948) ON CONFLICT DO NOTHING;


--
-- Data for Name: images; Type: TABLE DATA; Schema: public; Owner: postgres
--

INSERT INTO "public"."images" ("id", "url", "latitude", "longitude", "capture_date", "crag_id", "width", "height", "created_by", "created_at", "is_verified", "verification_count") VALUES
	('cee552c0-684a-438c-84e0-a7557b6de43a', 'https://glxnbxbkedeogtcivpsx.supabase.co/storage/v1/object/public/route-uploads/25dfbf3e-00bd-4a46-9fb1-e9e0aa4e3044/1768209213744-gill.jpeg', 49.50912778, -2.51803056, NULL, 'e5e7d564-c491-4a44-82ed-8ebd4065ae1c', 1024, 768, '25dfbf3e-00bd-4a46-9fb1-e9e0aa4e3044', '2026-01-12 09:14:01.993069+00', false, 0),
	('42673861-c80f-4a03-95f9-be2636f2b58b', 'https://glxnbxbkedeogtcivpsx.supabase.co/storage/v1/object/public/route-uploads/b0ca099f-30e4-4239-906f-0ea8d9e176d9/1768212839033-IMG_2619.jpg', 49.42353056, -2.63521944, NULL, '8c36c744-429b-475e-8ad1-44d6552f38bb', 1200, 900, 'b0ca099f-30e4-4239-906f-0ea8d9e176d9', '2026-01-12 10:14:21.942486+00', false, 0),
	('825709de-a89f-4b7c-b549-e725e5f38ecf', 'https://glxnbxbkedeogtcivpsx.supabase.co/storage/v1/object/public/route-uploads/25dfbf3e-00bd-4a46-9fb1-e9e0aa4e3044/1768238711267-IMG_20260104_135019.jpg', 50.32726010, -3.60028380, NULL, '9c200ee4-1db7-4805-be67-e8adbe33997a', 900, 1200, '25dfbf3e-00bd-4a46-9fb1-e9e0aa4e3044', '2026-01-12 17:25:47.977723+00', false, 0),
	('bff77a4f-a91d-44e2-bd24-eb9ca9619d56', 'https://glxnbxbkedeogtcivpsx.supabase.co/storage/v1/object/public/route-uploads/b0ca099f-30e4-4239-906f-0ea8d9e176d9/1768240613105-IMG_2591.jpg', 49.50628611, -2.50501389, NULL, 'e7a45d25-705f-4338-b50e-3ea2164df5e2', 1200, 900, 'b0ca099f-30e4-4239-906f-0ea8d9e176d9', '2026-01-12 17:57:39.246891+00', false, 0),
	('67329147-3988-4484-828f-8adc110e6d5b', 'https://glxnbxbkedeogtcivpsx.supabase.co/storage/v1/object/public/route-uploads/b0ca099f-30e4-4239-906f-0ea8d9e176d9/1768328549431-IMG_1812.jpg', 49.50540556, -2.50471944, NULL, 'e7a45d25-705f-4338-b50e-3ea2164df5e2', 1200, 900, 'b0ca099f-30e4-4239-906f-0ea8d9e176d9', '2026-01-13 18:24:31.853958+00', false, 0),
	('08598740-d97e-4f05-bfd7-f378c5f6067d', 'https://glxnbxbkedeogtcivpsx.supabase.co/storage/v1/object/public/route-uploads/b0ca099f-30e4-4239-906f-0ea8d9e176d9/1768328796143-IMG_1816.jpg', 49.50652222, -2.50752778, NULL, 'e7a45d25-705f-4338-b50e-3ea2164df5e2', 1200, 900, 'b0ca099f-30e4-4239-906f-0ea8d9e176d9', '2026-01-13 18:27:08.334323+00', false, 0),
	('78a47c9f-01dc-48c7-81e0-5b38dffc33dc', 'https://glxnbxbkedeogtcivpsx.supabase.co/storage/v1/object/public/route-uploads/25dfbf3e-00bd-4a46-9fb1-e9e0aa4e3044/1768329180675-IMG_20250629_185714.jpg', 51.06357470, 0.16530520, NULL, '9584977f-9d35-452d-841d-40abc275dfb8', 900, 1200, '25dfbf3e-00bd-4a46-9fb1-e9e0aa4e3044', '2026-01-13 18:35:12.136546+00', false, 0),
	('84eaf4ec-da7d-42c7-96c3-918dafd33564', 'https://glxnbxbkedeogtcivpsx.supabase.co/storage/v1/object/public/route-uploads/25dfbf3e-00bd-4a46-9fb1-e9e0aa4e3044/1768329372384-IMG_20260104_135019.jpg', 50.32726010, -3.60028380, NULL, '9c200ee4-1db7-4805-be67-e8adbe33997a', 900, 1200, '25dfbf3e-00bd-4a46-9fb1-e9e0aa4e3044', '2026-01-13 18:36:49.538042+00', false, 0),
	('ffea6c87-abaa-46e4-a8f8-ee29b9876f3c', 'https://glxnbxbkedeogtcivpsx.supabase.co/storage/v1/object/public/route-uploads/b0ca099f-30e4-4239-906f-0ea8d9e176d9/1768339772006-IMG_2604.jpg', 49.50356944, -2.50423611, NULL, 'e7a45d25-705f-4338-b50e-3ea2164df5e2', 1200, 900, 'b0ca099f-30e4-4239-906f-0ea8d9e176d9', '2026-01-13 21:30:06.561446+00', false, 0) ON CONFLICT DO NOTHING;


--
-- Data for Name: logs; Type: TABLE DATA; Schema: public; Owner: postgres
--

INSERT INTO "public"."logs" ("id", "user_id", "climb_id", "status", "created_at", "updated_at") VALUES
	('0cf859ac-997a-4ace-88a5-606a8703eea0', 'b0ca099f-30e4-4239-906f-0ea8d9e176d9', 'cc8a57a9-4732-4ae4-8991-4d8ad659b0a0', 'top', '2026-01-13 23:04:14.857+00', '2026-01-13 23:02:58.438269+00') ON CONFLICT DO NOTHING;


--

-- Data for Name: route_grades; Type: TABLE DATA; Schema: public; Owner: postgres
--



--
-- Data for Name: route_lines; Type: TABLE DATA; Schema: public; Owner: postgres
--

INSERT INTO "public"."route_lines" ("id", "image_id", "climb_id", "points", "color", "sequence_order", "created_at") VALUES
	('ee860dab-62a3-4490-8e29-902c5915e9c9', 'cee552c0-684a-438c-84e0-a7557b6de43a', 'cfb19700-cb6b-44aa-9864-87200f1eb0cc', '[{"x": 0.4866589327146172, "y": 0.6759656652360515}, {"x": 0.48549883990719256, "y": 0.15665236051502146}]', 'red', 0, '2026-01-12 09:14:02.984627+00'),
	('2752ab89-5d61-4ead-8dce-6e8cb5f65e82', 'cee552c0-684a-438c-84e0-a7557b6de43a', 'aa16a01f-1530-48ef-a43b-8f4d66b14ed9', '[{"x": 0.43793503480278423, "y": 0.6673819742489271}, {"x": 0.22563805104408352, "y": 0.33476394849785407}]', 'red', 1, '2026-01-12 09:14:02.984627+00'),
	('cfad600f-946f-4bd1-945c-83c1d969bf81', 'cee552c0-684a-438c-84e0-a7557b6de43a', '115ee573-d6c8-49bc-aabe-f369343e36a5', '[{"x": 0.5980278422273781, "y": 0.6802575107296137}, {"x": 0.7302784222737819, "y": 0.2575107296137339}]', 'red', 2, '2026-01-12 09:14:02.984627+00'),
	('34a8abb1-18f8-4ddb-a6c8-00c1ad2770c9', '42673861-c80f-4a03-95f9-be2636f2b58b', 'e9280bfb-6f52-46c3-b7af-aa7b45f86074', '[{"x": 492.85714285714283, "y": 632.967032967033}, {"x": 603.2967032967033, "y": 565.3846153846154}, {"x": 687.3626373626373, "y": 463.1868131868132}, {"x": 766.4835164835165, "y": 352.74725274725273}, {"x": 791.2087912087911, "y": 260.4395604395604}, {"x": 801.098901098901, "y": 217.58241758241758}]', 'red', 0, '2026-01-12 10:14:23.13538+00'),
	('572a2bd9-824c-4654-a57b-b0efb9ea4d34', '825709de-a89f-4b7c-b549-e725e5f38ecf', 'a47b8b63-2e5e-4fe3-8666-e887788a1902', '[{"x": 0.3762429846765271, "y": 0.714987714987715}, {"x": 0.3692783880427488, "y": 0.696969696969697}, {"x": 0.3553491947751923, "y": 0.6707616707616708}, {"x": 0.3425807676132654, "y": 0.6314496314496314}, {"x": 0.3147223810781522, "y": 0.5036855036855037}]', 'red', 0, '2026-01-12 17:25:48.932309+00'),
	('f73a2455-5164-4d82-8b66-e498ad689e3d', '825709de-a89f-4b7c-b549-e725e5f38ecf', 'd59f4c55-6c87-4bb6-a138-ba13a443dc46', '[{"x": 0.4969626596620176, "y": 0.6478296478296478}, {"x": 0.491158829133869, "y": 0.6232596232596233}, {"x": 0.4760688697606827, "y": 0.5659295659295659}, {"x": 0.4737473375494232, "y": 0.542997542997543}, {"x": 0.4447281849086804, "y": 0.34316134316134317}]', 'red', 1, '2026-01-12 17:25:48.932309+00'),
	('fe325acc-a74b-4a13-ba7e-81c412f3371b', '825709de-a89f-4b7c-b549-e725e5f38ecf', '29096362-3273-4c7e-a94c-256fbd6d3131', '[{"x": 0.593306246429284, "y": 0.6642096642096642}, {"x": 0.596788544746173, "y": 0.6461916461916462}, {"x": 0.5991100769574326, "y": 0.6068796068796068}, {"x": 0.6675952771895858, "y": 0.3366093366093366}]', 'red', 2, '2026-01-12 17:25:48.932309+00'),
	('a236c73b-41ee-4bc5-832b-bbdc2ce17f77', 'bff77a4f-a91d-44e2-bd24-eb9ca9619d56', 'b53bc331-1090-44c6-b1a1-e500508822b9', '[{"x": 0.4767981438515081, "y": 0.6607773851590106}, {"x": 0.5788863109048724, "y": 0.4734982332155477}, {"x": 0.703016241299304, "y": 0.4734982332155477}, {"x": 0.5440835266821346, "y": 0.1354534746760895}]', 'red', 0, '2026-01-12 17:57:40.369403+00'),
	('2e1137f0-5864-48e1-8929-9c6f93ed5163', '67329147-3988-4484-828f-8adc110e6d5b', 'a1096566-b952-4510-ae3e-8c783105b3c4', '[{"x": 0.345707656612529, "y": 0.5618374558303887}, {"x": 0.35962877030162416, "y": 0.5041224970553593}, {"x": 0.3491879350348028, "y": 0.4275618374558304}, {"x": 0.37354988399071926, "y": 0.36866902237926974}, {"x": 0.382830626450116, "y": 0.336866902237927}]', 'red', 0, '2026-01-13 18:24:32.661446+00'),
	('a6d5d481-7a21-4e0e-9704-425badc7ac90', '67329147-3988-4484-828f-8adc110e6d5b', '48ba62ba-5b41-47e5-bba0-d53ca06a0810', '[{"x": 0.37354988399071926, "y": 0.5736160188457008}, {"x": 0.382830626450116, "y": 0.5076560659599529}, {"x": 0.4361948955916473, "y": 0.4793875147232038}, {"x": 0.48491879350348027, "y": 0.4617196702002356}, {"x": 0.5197215777262181, "y": 0.425206124852768}, {"x": 0.5290023201856149, "y": 0.37338044758539457}, {"x": 0.5336426914153132, "y": 0.3568904593639576}, {"x": 0.5336426914153132, "y": 0.34393404004711425}]', 'red', 1, '2026-01-13 18:24:32.661446+00'),
	('d78b50c1-33f8-4a9b-a233-fa27d23d7a55', '08598740-d97e-4f05-bfd7-f378c5f6067d', '42fb31ea-f287-4826-80c5-54b974ca3834', '[{"x": 0.41879350348027844, "y": 0.6666666666666666}, {"x": 0.41531322505800466, "y": 0.6113074204946997}, {"x": 0.46751740139211134, "y": 0.5618374558303887}, {"x": 0.5301624129930395, "y": 0.5382803297997645}, {"x": 0.5382830626450116, "y": 0.4758539458186101}, {"x": 0.5556844547563805, "y": 0.40636042402826855}, {"x": 0.548723897911833, "y": 0.3663133097762073}, {"x": 0.5324825986078886, "y": 0.28032979976442873}, {"x": 0.5266821345707656, "y": 0.22025912838633688}, {"x": 0.4918793503480278, "y": 0.1790341578327444}]', 'red', 0, '2026-01-13 18:27:09.033321+00'),
	('50c2694e-7f7f-49b3-861f-ee129fa9d93a', '78a47c9f-01dc-48c7-81e0-5b38dffc33dc', '0e10b288-532a-417b-be7a-0224b0c961ac', '[{"x": 0.3170439132894116, "y": 0.9828009828009828}, {"x": 0.2566840757966664, "y": 0.8763308763308764}, {"x": 0.2648094385360744, "y": 0.85995085995086}, {"x": 0.2903462928599282, "y": 0.8419328419328419}, {"x": 0.4157090322679375, "y": 0.76003276003276}, {"x": 0.3959760084722323, "y": 0.7469287469287469}, {"x": 0.3832075813103054, "y": 0.7403767403767404}, {"x": 0.3669568558314894, "y": 0.7321867321867321}, {"x": 0.3460630659301545, "y": 0.7207207207207207}, {"x": 0.2740955673811122, "y": 0.49467649467649466}, {"x": 0.2798993979092607, "y": 0.46846846846846846}, {"x": 0.2857032284374093, "y": 0.44553644553644556}, {"x": 0.2938285911768173, "y": 0.41605241605241605}, {"x": 0.3007931878105956, "y": 0.3882063882063882}, {"x": 0.3124008488668928, "y": 0.343980343980344}, {"x": 0.2891855267542985, "y": 0.2113022113022113}]', 'red', 0, '2026-01-13 18:35:12.928143+00'),
	('bb47a274-d7d8-4526-a9fe-16debb80a825', '78a47c9f-01dc-48c7-81e0-5b38dffc33dc', '193ca218-19eb-4401-a497-01b675e900d5', '[{"x": 0.666434511083956, "y": 0.9287469287469288}, {"x": 0.5677693921054302, "y": 0.7436527436527437}, {"x": 0.5782162870560976, "y": 0.7272727272727273}, {"x": 0.5909847142180246, "y": 0.7108927108927109}, {"x": 0.6072354396968406, "y": 0.6895986895986896}, {"x": 0.4366028221692723, "y": 0.29811629811629814}, {"x": 0.7082220908866258, "y": 0.05733005733005733}]', 'red', 1, '2026-01-13 18:35:12.928143+00'),
	('822d3b60-5ecf-4f4f-8d63-341717b7011c', '78a47c9f-01dc-48c7-81e0-5b38dffc33dc', 'd455e03b-98af-447d-9db1-005f87c0321b', '[{"x": 0.4760688697606827, "y": 0.9582309582309583}, {"x": 0.3832075813103054, "y": 0.09828009828009827}]', 'red', 2, '2026-01-13 18:35:12.928143+00'),
	('13248f66-0c9f-4014-a9c7-3eff435d5061', '84eaf4ec-da7d-42c7-96c3-918dafd33564', 'f42c0a91-66dc-40d9-992e-08c0c6d21528', '[{"x": 0.2691637630662021, "y": 0.7165562913907285}, {"x": 0.21341463414634146, "y": 0.6}, {"x": 0.2261904761904762, "y": 0.5920529801324503}, {"x": 0.33072009291521487, "y": 0.49271523178807947}, {"x": 0.4561556329849013, "y": 0.5006622516556292}, {"x": 0.4352497096399535, "y": 0.41324503311258276}]', 'red', 0, '2026-01-13 18:36:50.342472+00'),
	('c77c315d-ac18-4a16-aed7-c665f5bd744e', '84eaf4ec-da7d-42c7-96c3-918dafd33564', '80a5b250-a11e-4557-b1c7-76799712e220', '[{"x": 0.4817073170731707, "y": 0.6993377483443709}, {"x": 0.47822299651567945, "y": 0.686092715231788}, {"x": 0.4735772357723577, "y": 0.5668874172185431}, {"x": 0.4805458768873403, "y": 0.3695364238410596}]', 'red', 1, '2026-01-13 18:36:50.342472+00'),
	('7194e6eb-f33c-43ed-a09a-ddef9dd826b0', 'ffea6c87-abaa-46e4-a8f8-ee29b9876f3c', 'cc8a57a9-4732-4ae4-8991-4d8ad659b0a0', '[{"x": 0.6461716937354989, "y": 0.7190860215053764}, {"x": 0.6461716937354989, "y": 0.6236559139784946}, {"x": 0.6612529002320185, "y": 0.5120967741935484}, {"x": 0.691415313225058, "y": 0.4153225806451613}]', 'red', 0, '2026-01-13 21:30:06.887841+00') ON CONFLICT DO NOTHING;


--
-- Data for Name: spatial_ref_sys; Type: TABLE DATA; Schema: public; Owner: supabase_admin
--



--
-- Data for Name: user_climbs; Type: TABLE DATA; Schema: public; Owner: postgres
--

INSERT INTO "public"."user_climbs" ("id", "user_id", "climb_id", "style", "notes", "date_climbed", "created_at") VALUES
	('fc1af8b3-629a-442d-9cfc-92d9de7e43e1', 'b0ca099f-30e4-4239-906f-0ea8d9e176d9', 'cfb19700-cb6b-44aa-9864-87200f1eb0cc', 'top', NULL, '2026-01-13', '2026-01-13 23:17:00.928+00'),
	('458fa189-4b60-4016-a476-65bc261dd4f4', 'b0ca099f-30e4-4239-906f-0ea8d9e176d9', 'cc8a57a9-4732-4ae4-8991-4d8ad659b0a0', 'top', NULL, '2026-01-13', '2026-01-13 23:19:35.48+00'),
	('baadcb7b-d0c0-4c3d-b29c-345e01feba12', 'b0ca099f-30e4-4239-906f-0ea8d9e176d9', 'b53bc331-1090-44c6-b1a1-e500508822b9', 'top', NULL, '2026-01-13', '2026-01-13 23:20:53.201+00'),
	('3bcf49b3-defe-409c-b0dd-a5f06c966f54', 'b0ca099f-30e4-4239-906f-0ea8d9e176d9', 'a1096566-b952-4510-ae3e-8c783105b3c4', 'top', NULL, '2026-01-13', '2026-01-13 23:29:01.285+00') ON CONFLICT DO NOTHING;


--
-- PostgreSQL database dump complete
--

-- \unrestrict xGzptMeeSbxviRu1EDbx6ESwwBgcGpyzjJ9RCte21ewgP4B2nVtgdwFKCydaRDb

RESET ALL;
